{"2307026607610461899":{"ip":"","met":"6:16 PM","name":"geropalacios2 1"},"76561198047626395":{"ip":"","met":"5:56 PM","name":"Catweasel"},"76561198058502787":{"ip":"","met":"6:07 PM","name":"s.e.n.a."},"76561198133976532":{"ip":"","met":"6:07 PM","name":"XxCarlosOrtegaxX"},"76561198141893263":{"ip":"","met":"5:48 PM","name":"Ghosty"},"76561198142794701":{"ip":"","met":"5:26 PM","name":"NitrousNick"},"76561198165090698":{"ip":"","met":"6:34 PM","name":"Bowling4foodttv"},"76561198179653106":{"ip":"","met":"6:25 PM","name":"xX_Matadioses_Xx"},"76561198210598591":{"ip":"","met":"5:56 PM","name":"Puck"},"76561198226981860":{"ip":"","met":"5:56 PM","name":"Kayleb_808"},"76561198256421934":{"ip":"","met":"6:01 PM","name":"Literally Family"},"76561198272709391":{"ip":"","met":"6:02 PM","name":"dejection"},"76561198294918296":{"ip":"","met":"6:31 PM","name":"Michoneta"},"76561198332831993":{"ip":"","met":"6:41 PM","name":"###"},"76561198340332178":{"ip":"","met":"6:28 PM","name":"Jacken"},"76561198366666197":{"ip":"","met":"6:16 PM","name":"ELPORKY1"},"76561198372005765":{"ip":"","met":"6:25 PM","name":"opti"},"76561198380631499":{"ip":"","met":"6:34 PM","name":"Drauxii"},"76561198388417452":{"ip":"","met":"6:00 PM","name":"_Attacker_"},"76561198388555356":{"ip":"","met":"5:26 PM","name":"Anatrax"},"76561198439344974":{"ip":"","met":"6:16 PM","name":"geropalacios2"},"76561198798928618":{"ip":"","met":"5:56 PM","name":"TTV.AK808gamer"},"76561198800065390":{"ip":"","met":"6:16 PM","name":"TopicTTV"},"76561198807095179":{"ip":"","met":"6:25 PM","name":"QatarGuaro"},"76561198813104729":{"ip":"","met":"6:07 PM","name":"Vladmir Putin"},"76561198818493879":{"ip":"","met":"6:41 PM","name":"OGtwelve"},"76561198844058677":{"ip":"","met":"5:56 PM","name":"daylinsinclair26"},"76561198847780532":{"ip":"","met":"6:07 PM","name":"John F Kennedy"},"76561198948912448":{"ip":"","met":"5:53 PM","name":"mayhem"},"76561198962164164":{"ip":"","met":"6:41 PM","name":"######"},"76561199039822740":{"ip":"","met":"6:25 PM","name":"Vandreh"},"76561199053112695":{"ip":"","met":"5:56 PM","name":"tjacobs454"},"76561199054313842":{"ip":"","met":"5:56 PM","name":"Overturtlepox"},"76561199065510448":{"ip":"","met":"6:16 PM","name":"VOC# FALA PORTUG"},"76561199076026862":{"ip":"","met":"6:36 PM","name":"alefou99"},"76561199077334607":{"ip":"","met":"6:25 PM","name":"TanookiMax"},"76561199082290294":{"ip":"","met":"6:07 PM","name":"Nirux."},"76561199089490315":{"ip":"","met":"6:25 PM","name":"sally"},"76561199089500715":{"ip":"","met":"6:33 PM","name":"YoungFabo"},"76561199093897157":{"ip":"","met":"6:20 PM","name":"elmo tivado"},"76561199094028048":{"ip":"","met":"6:16 PM","name":"BRIAN#"},"76561199100694500":{"ip":"","met":"6:07 PM","name":"iSoyDeAlei"},"76561199130029770":{"ip":"","met":"6:41 PM","name":"maddog120"},"76561199151872875":{"ip":"","met":"5:56 PM","name":"TheGeophiliac"},"76561199156780546":{"ip":"","met":"6:09 PM","name":"tairus"},"76561199158542191":{"ip":"","met":"5:56 PM","name":"elisabethkitchen"},"76561199174887921":{"ip":"","met":"6:06 PM","name":"Gang"},"76561199196596275":{"ip":"","met":"6:34 PM","name":"bigchicknnugget."},"76561199200348140":{"ip":"","met":"5:56 PM","name":"BigStiiizy"},"76561199207275871":{"ip":"","met":"6:16 PM","name":"OffAPerk"},"76561199211900347":{"ip":"","met":"6:26 PM","name":"bailabaila1577"},"76561199221371262":{"ip":"","met":"6:11 PM","name":"Cirogiordano7"},"76561199225033143":{"ip":"","met":"6:16 PM","name":"eudiocrespo12"},"76561199234410348":{"ip":"","met":"6:11 PM","name":"Toga_115"},"76561199265276379":{"ip":"","met":"6:28 PM","name":"SantiYanacon"},"76561199352151013":{"ip":"","met":"6:16 PM","name":"SHADOW"},"76561199354222585":{"ip":"","met":"5:56 PM","name":"Winters1970"},"76561199385474856":{"ip":"","met":"6:00 PM","name":"Spookry"},"76561199413437275":{"ip":"","met":"6:41 PM","name":"Doctor Schwifty"},"76561199465435741":{"ip":"","met":"6:09 PM","name":"capricorn"}}